{
  "FamilyFormulas": [
    {
      "FamilyName": "ALL",
      "Formula": "Volume",
      "TagType": 2
    },
    {
      "FamilyName": "ALL",
      "Formula": "Volume",
      "TagType": 3
    },
    {
      "FamilyName": "ALL",
      "Formula": "PileHeight",
      "TagType": 4
    },
    {
      "FamilyName": "ALL",
      "Formula": "Length",
      "TagType": 5
    },
    {
      "FamilyName": "ALL",
      "Formula": "1",
      "TagType": 6
    },
    {
      "FamilyName": "ALL",
      "Formula": "Weight",
      "TagType": 7
    },
    {
      "FamilyName": "ALL",
      "Formula": "Volume",
      "TagType": 8
    },
    {
      "FamilyName": "ALL",
      "Formula": "Volume",
      "TagType": 9
    }
  ]
}