{
  "Parameters": [
    {
      "ForgeName": "Main Item Tag",
      "OracleDatabaseName": "Main Item Tag",
      "OracleProcedureName": "p_Main_Item_Tag",
      "ValueDouble": 0.0,
      "ValueInt": 0,
      "UseInFormula": false,
      "StorageType": 1,
      "UnitType": 0,
      "ReadFromForge": true
    },
    {
      "ForgeName": "Name",
      "OracleDatabaseName": "Name",
      "OracleProcedureName": "p_Name",
      "ValueDouble": 0.0,
      "ValueInt": 0,
      "UseInFormula": false,
      "StorageType": 1,
      "UnitType": 0,
      "ReadFromForge": true
    },
    {
      "CategoryName": "ITEMTAG",
      "ForgeName": "Item Tag",
      "OracleDatabaseName": "Item Tag",
      "OracleProcedureName": "p_Item_Tag",
      "ValueDouble": 0.0,
      "ValueInt": 0,
      "UseInFormula": false,
      "StorageType": 1,
      "UnitType": 0,
      "ReadFromForge": true
    },
    {
      "CategoryName": "ENGINEERING DATA",
      "ForgeName": "Hold Status (Y/N)",
      "OracleDatabaseName": "",
      "OracleProcedureName": "",
      "ValueDouble": 0.0,
      "ValueInt": 0,
      "UseInFormula": false,
      "StorageType": 1,
      "UnitType": 0,
      "ReadFromForge": true
    },
    {
      "CategoryName": "ENGINEERING DATA",
      "ForgeName": "Tag Type",
      "OracleDatabaseName": "Tag Type",
      "OracleProcedureName": "",
      "ValueDouble": 0.0,
      "ValueInt": 0,
      "UseInFormula": false,
      "StorageType": 1,
      "UnitType": 0,
      "ReadFromForge": true
    },
    {
      "ForgeName": "modelStatusId",
      "OracleDatabaseName": "modelStatusId",
      "OracleProcedureName": "p_modelStatusId",
      "ValueDouble": 0.0,
      "ValueInt": 1,
      "UseInFormula": false,
      "StorageType": 2,
      "UnitType": 0,
      "ReadFromForge": false
    },
    {
      "ForgeName": "LV01_Object Code",
      "OracleDatabaseName": "LV01_Object Code",
      "OracleProcedureName": "p_LV01_Object_Code",
      "ValueDouble": 0.0,
      "ValueInt": 0,
      "UseInFormula": false,
      "StorageType": 1,
      "UnitType": 0,
      "ReadFromForge": true
    },
    {
      "ForgeName": "LV01_Sequence Number",
      "OracleDatabaseName": "LV01_Sequence Number",
      "OracleProcedureName": "p_LV01_Sequence_Number",
      "ValueDouble": 0.0,
      "ValueInt": 0,
      "UseInFormula": false,
      "StorageType": 1,
      "UnitType": 0,
      "ReadFromForge": true
    },
    {
      "ForgeName": "LV01_Material Work Group",
      "OracleDatabaseName": "LV01_Material Work Group",
      "OracleProcedureName": "p_LV01_Material_Work_Group",
      "ValueDouble": 0.0,
      "ValueInt": 0,
      "UseInFormula": false,
      "StorageType": 1,
      "UnitType": 0,
      "ReadFromForge": true
    },
    {
      "ForgeName": "Object Code Description ",
      "OracleDatabaseName": "Object Code Description ",
      "OracleProcedureName": "p_Object_Code_Description",
      "ValueDouble": 0.0,
      "ValueInt": 0,
      "UseInFormula": false,
      "StorageType": 1,
      "UnitType": 0,
      "ReadFromForge": true
    },
    {
      "ForgeName": "LV02_Object Code",
      "OracleDatabaseName": "LV02_Object Code",
      "OracleProcedureName": "p_LV02_Object_Code",
      "ValueDouble": 0.0,
      "ValueInt": 0,
      "UseInFormula": false,
      "StorageType": 1,
      "UnitType": 0,
      "ReadFromForge": true
    },
    {
      "ForgeName": "LV02_Sequence Number",
      "OracleDatabaseName": "LV02_Sequence Number",
      "OracleProcedureName": "p_LV02_Sequence_Number",
      "ValueDouble": 0.0,
      "ValueInt": 0,
      "UseInFormula": false,
      "StorageType": 1,
      "UnitType": 0,
      "ReadFromForge": true
    },
    {
      "ForgeName": "p_LV02_Material Work Group",
      "OracleDatabaseName": "p_LV02_Material Work Group",
      "OracleProcedureName": "p_LV02_Material_Work_Group",
      "ValueDouble": 0.0,
      "ValueInt": 0,
      "UseInFormula": false,
      "StorageType": 1,
      "UnitType": 0,
      "ReadFromForge": true
    },
    {
      "ForgeName": "Engineering Status",
      "OracleDatabaseName": "Engineering_Status",
      "OracleProcedureName": "p_Engineering_Status",
      "ValueDouble": 0.0,
      "ValueInt": 0,
      "UseInFormula": false,
      "StorageType": 1,
      "UnitType": 0,
      "ReadFromForge": true
    },
    {
      "ForgeName": "name",
      "OracleDatabaseName": "Family Name",
      "OracleProcedureName": "p_Family_Name",
      "ValueDouble": 0.0,
      "ValueInt": 0,
      "UseInFormula": false,
      "StorageType": 1,
      "UnitType": 0,
      "ReadFromForge": true
    },
    {
      "ForgeName": "AB_L1",
      "OracleDatabaseName": "AB_L1",
      "OracleProcedureName": "p_AB_L1",
      "ValueDouble": 0.0,
      "ValueInt": 0,
      "UseInFormula": true,
      "StorageType": 3,
      "UnitType": 2,
      "ReadFromForge": true
    },
    {
      "ForgeName": "AB_M",
      "OracleDatabaseName": "AB_M",
      "OracleProcedureName": "p_AB_M",
      "ValueDouble": 0.0,
      "ValueInt": 0,
      "UseInFormula": true,
      "StorageType": 3,
      "UnitType": 2,
      "ReadFromForge": true
    },
    {
      "ForgeName": "AB_P",
      "OracleDatabaseName": "AB_P",
      "OracleProcedureName": "p_AB_P",
      "ValueDouble": 0.0,
      "ValueInt": 0,
      "UseInFormula": true,
      "StorageType": 3,
      "UnitType": 2,
      "ReadFromForge": true
    },
    {
      "ForgeName": "Area",
      "OracleDatabaseName": "Area",
      "OracleProcedureName": "p_Area",
      "ValueDouble": 0.0,
      "ValueInt": 0,
      "UseInFormula": true,
      "StorageType": 3,
      "UnitType": 3,
      "ReadFromForge": true
    },
    {
      "ForgeName": "Bar Diameter",
      "OracleDatabaseName": "Bar Diameter",
      "OracleProcedureName": "p_Bar_Diameter",
      "ValueDouble": 0.0,
      "ValueInt": 0,
      "UseInFormula": true,
      "StorageType": 3,
      "UnitType": 2,
      "ReadFromForge": true
    },
    {
      "ForgeName": "Bar Length",
      "OracleDatabaseName": "Bar Length",
      "OracleProcedureName": "p_Bar_Length",
      "ValueDouble": 0.0,
      "ValueInt": 0,
      "UseInFormula": true,
      "StorageType": 3,
      "UnitType": 2,
      "ReadFromForge": true
    },
    {
      "ForgeName": "Cut Length",
      "OracleDatabaseName": "Cut Length",
      "OracleProcedureName": "p_Cut_Length",
      "ValueDouble": 0.0,
      "ValueInt": 0,
      "UseInFormula": true,
      "StorageType": 3,
      "UnitType": 2,
      "ReadFromForge": true
    },
    {
      "ForgeName": "DB_H",
      "OracleDatabaseName": "DB_H",
      "OracleProcedureName": "p_DB_H",
      "ValueDouble": 0.0,
      "ValueInt": 0,
      "UseInFormula": true,
      "StorageType": 3,
      "UnitType": 2,
      "ReadFromForge": true
    },
    {
      "ForgeName": "DB_L1",
      "OracleDatabaseName": "DB_L1",
      "OracleProcedureName": "p_DB_L1",
      "ValueDouble": 0.0,
      "ValueInt": 0,
      "UseInFormula": true,
      "StorageType": 3,
      "UnitType": 2,
      "ReadFromForge": true
    },
    {
      "ForgeName": "DB_L2",
      "OracleDatabaseName": "DB_L2",
      "OracleProcedureName": "p_DB_L2",
      "ValueDouble": 0.0,
      "ValueInt": 0,
      "UseInFormula": true,
      "StorageType": 3,
      "UnitType": 2,
      "ReadFromForge": true
    },
    {
      "ForgeName": "DB_PipeArea",
      "OracleDatabaseName": "DB_PipeArea",
      "OracleProcedureName": "p_DB_PipeArea",
      "ValueDouble": 0.0,
      "ValueInt": 0,
      "UseInFormula": true,
      "StorageType": 3,
      "UnitType": 3,
      "ReadFromForge": true
    },
    {
      "ForgeName": "Diameter",
      "OracleDatabaseName": "Diameter",
      "OracleProcedureName": "p_Diameter",
      "ValueDouble": 0.0,
      "ValueInt": 0,
      "UseInFormula": true,
      "StorageType": 3,
      "UnitType": 2,
      "ReadFromForge": true
    },
    {
      "ForgeName": "DT_Length",
      "OracleDatabaseName": "DT_Length",
      "OracleProcedureName": "p_DT_Length",
      "ValueDouble": 0.0,
      "ValueInt": 0,
      "UseInFormula": true,
      "StorageType": 3,
      "UnitType": 2,
      "ReadFromForge": true
    },
    {
      "ForgeName": "DT_MdArea",
      "OracleDatabaseName": "DT_MdArea",
      "OracleProcedureName": "p_DT_MdArea",
      "ValueDouble": 0.0,
      "ValueInt": 0,
      "UseInFormula": true,
      "StorageType": 3,
      "UnitType": 3,
      "ReadFromForge": true
    },
    {
      "ForgeName": "EC_B",
      "OracleDatabaseName": "EC_B",
      "OracleProcedureName": "p_EC_B",
      "ValueDouble": 0.0,
      "ValueInt": 0,
      "UseInFormula": true,
      "StorageType": 3,
      "UnitType": 2,
      "ReadFromForge": true
    },
    {
      "ForgeName": "EC_H",
      "OracleDatabaseName": "EC_H",
      "OracleProcedureName": "p_EC_H",
      "ValueDouble": 0.0,
      "ValueInt": 0,
      "UseInFormula": true,
      "StorageType": 3,
      "UnitType": 2,
      "ReadFromForge": true
    },
    {
      "ForgeName": "EC_Perimeter",
      "OracleDatabaseName": "EC_Perimeter",
      "OracleProcedureName": "p_EC_Perimeter",
      "ValueDouble": 0.0,
      "ValueInt": 0,
      "UseInFormula": true,
      "StorageType": 3,
      "UnitType": 2,
      "ReadFromForge": true
    },
    {
      "ForgeName": "FB_H1",
      "OracleDatabaseName": "FB_H1",
      "OracleProcedureName": "p_FB_H1",
      "ValueDouble": 0.0,
      "ValueInt": 0,
      "UseInFormula": true,
      "StorageType": 3,
      "UnitType": 2,
      "ReadFromForge": true
    },
    {
      "ForgeName": "FB_L1",
      "OracleDatabaseName": "FB_L1",
      "OracleProcedureName": "p_FB_L1",
      "ValueDouble": 0.0,
      "ValueInt": 0,
      "UseInFormula": true,
      "StorageType": 3,
      "UnitType": 2,
      "ReadFromForge": true
    },
    {
      "ForgeName": "Filter_By",
      "OracleDatabaseName": "Filter_By",
      "OracleProcedureName": "p_Filter_By",
      "ValueDouble": 0.0,
      "ValueInt": 0,
      "UseInFormula": false,
      "StorageType": 1,
      "UnitType": 0,
      "ReadFromForge": true
    },
    {
      "ForgeName": "FL_H1",
      "OracleDatabaseName": "FL_H1",
      "OracleProcedureName": "p_FL_H1",
      "ValueDouble": 0.0,
      "ValueInt": 0,
      "UseInFormula": true,
      "StorageType": 3,
      "UnitType": 2,
      "ReadFromForge": true
    },
    {
      "ForgeName": "Foundation Thickness",
      "OracleDatabaseName": "Foundation Thickness",
      "OracleProcedureName": "p_Foundation_Thickness",
      "ValueDouble": 0.0,
      "ValueInt": 0,
      "UseInFormula": true,
      "StorageType": 3,
      "UnitType": 2,
      "ReadFromForge": true
    },
    {
      "ForgeName": "FP_Area",
      "OracleDatabaseName": "FP_Area",
      "OracleProcedureName": "p_FP_Area",
      "ValueDouble": 0.0,
      "ValueInt": 0,
      "UseInFormula": true,
      "StorageType": 3,
      "UnitType": 3,
      "ReadFromForge": true
    },
    {
      "ForgeName": "FP_H1",
      "OracleDatabaseName": "FP_H1",
      "OracleProcedureName": "p_FP_H1",
      "ValueDouble": 0.0,
      "ValueInt": 0,
      "UseInFormula": true,
      "StorageType": 3,
      "UnitType": 2,
      "ReadFromForge": true
    },
    {
      "ForgeName": "FP_L1",
      "OracleDatabaseName": "FP_L1",
      "OracleProcedureName": "p_FP_L1",
      "ValueDouble": 0.0,
      "ValueInt": 0,
      "UseInFormula": true,
      "StorageType": 3,
      "UnitType": 2,
      "ReadFromForge": true
    },
    {
      "ForgeName": "FP_L1a",
      "OracleDatabaseName": "FP_L1a",
      "OracleProcedureName": "p_FP_L1a",
      "ValueDouble": 0.0,
      "ValueInt": 0,
      "UseInFormula": true,
      "StorageType": 3,
      "UnitType": 2,
      "ReadFromForge": true
    },
    {
      "ForgeName": "FP_L1b",
      "OracleDatabaseName": "FP_L1b",
      "OracleProcedureName": "p_FP_L1b",
      "ValueDouble": 0.0,
      "ValueInt": 0,
      "UseInFormula": true,
      "StorageType": 3,
      "UnitType": 2,
      "ReadFromForge": true
    },
    {
      "ForgeName": "FP_L1c",
      "OracleDatabaseName": "FP_L1c",
      "OracleProcedureName": "p_FP_L1c",
      "ValueDouble": 0.0,
      "ValueInt": 0,
      "UseInFormula": true,
      "StorageType": 3,
      "UnitType": 2,
      "ReadFromForge": true
    },
    {
      "ForgeName": "FP_L2",
      "OracleDatabaseName": "FP_L2",
      "OracleProcedureName": "p_FP_L2",
      "ValueDouble": 0.0,
      "ValueInt": 0,
      "UseInFormula": true,
      "StorageType": 3,
      "UnitType": 2,
      "ReadFromForge": true
    },
    {
      "ForgeName": "FP_L2a",
      "OracleDatabaseName": "FP_L2a",
      "OracleProcedureName": "p_FP_L2a",
      "ValueDouble": 0.0,
      "ValueInt": 0,
      "UseInFormula": true,
      "StorageType": 3,
      "UnitType": 2,
      "ReadFromForge": true
    },
    {
      "ForgeName": "FP_L2b",
      "OracleDatabaseName": "FP_L2b",
      "OracleProcedureName": "p_FP_L2b",
      "ValueDouble": 0.0,
      "ValueInt": 0,
      "UseInFormula": true,
      "StorageType": 3,
      "UnitType": 2,
      "ReadFromForge": true
    },
    {
      "ForgeName": "FP_L2c",
      "OracleDatabaseName": "FP_L2c",
      "OracleProcedureName": "p_FP_L2c",
      "ValueDouble": 0.0,
      "ValueInt": 0,
      "UseInFormula": true,
      "StorageType": 3,
      "UnitType": 2,
      "ReadFromForge": true
    },
    {
      "ForgeName": "FP_Perimeter",
      "OracleDatabaseName": "FP_Perimeter",
      "OracleProcedureName": "p_FP_Perimeter",
      "ValueDouble": 0.0,
      "ValueInt": 0,
      "UseInFormula": true,
      "StorageType": 3,
      "UnitType": 2,
      "ReadFromForge": true
    },
    {
      "ForgeName": "FP_R",
      "OracleDatabaseName": "FP_R",
      "OracleProcedureName": "p_FP_R",
      "ValueDouble": 0.0,
      "ValueInt": 0,
      "UseInFormula": true,
      "StorageType": 3,
      "UnitType": 2,
      "ReadFromForge": true
    },
    {
      "ForgeName": "FP_R1",
      "OracleDatabaseName": "FP_R1",
      "OracleProcedureName": "p_FP_R1",
      "ValueDouble": 0.0,
      "ValueInt": 0,
      "UseInFormula": true,
      "StorageType": 3,
      "UnitType": 2,
      "ReadFromForge": true
    },
    {
      "ForgeName": "FS_Area",
      "OracleDatabaseName": "FS_Area",
      "OracleProcedureName": "p_FS_Area",
      "ValueDouble": 0.0,
      "ValueInt": 0,
      "UseInFormula": true,
      "StorageType": 3,
      "UnitType": 3,
      "ReadFromForge": true
    },
    {
      "ForgeName": "FS_H1",
      "OracleDatabaseName": "FS_H1",
      "OracleProcedureName": "p_FS_H1",
      "ValueDouble": 0.0,
      "ValueInt": 0,
      "UseInFormula": true,
      "StorageType": 3,
      "UnitType": 2,
      "ReadFromForge": true
    },
    {
      "ForgeName": "FS_L1",
      "OracleDatabaseName": "FS_L1",
      "OracleProcedureName": "p_FS_L1",
      "ValueDouble": 0.0,
      "ValueInt": 0,
      "UseInFormula": true,
      "StorageType": 3,
      "UnitType": 2,
      "ReadFromForge": true
    },
    {
      "ForgeName": "FS_L1a",
      "OracleDatabaseName": "FS_L1a",
      "OracleProcedureName": "p_FS_L1a",
      "ValueDouble": 0.0,
      "ValueInt": 0,
      "UseInFormula": true,
      "StorageType": 3,
      "UnitType": 2,
      "ReadFromForge": true
    },
    {
      "ForgeName": "FS_L1b",
      "OracleDatabaseName": "FS_L1b",
      "OracleProcedureName": "p_FS_L1b",
      "ValueDouble": 0.0,
      "ValueInt": 0,
      "UseInFormula": true,
      "StorageType": 3,
      "UnitType": 2,
      "ReadFromForge": true
    },
    {
      "ForgeName": "FS_L1c",
      "OracleDatabaseName": "FS_L1c",
      "OracleProcedureName": "p_FS_L1c",
      "ValueDouble": 0.0,
      "ValueInt": 0,
      "UseInFormula": true,
      "StorageType": 3,
      "UnitType": 2,
      "ReadFromForge": true
    },
    {
      "ForgeName": "FS_L1d",
      "OracleDatabaseName": "FS_L1d",
      "OracleProcedureName": "p_FS_L1d",
      "ValueDouble": 0.0,
      "ValueInt": 0,
      "UseInFormula": true,
      "StorageType": 3,
      "UnitType": 2,
      "ReadFromForge": true
    },
    {
      "ForgeName": "FS_L2",
      "OracleDatabaseName": "FS_L2",
      "OracleProcedureName": "p_FS_L2",
      "ValueDouble": 0.0,
      "ValueInt": 0,
      "UseInFormula": true,
      "StorageType": 3,
      "UnitType": 2,
      "ReadFromForge": true
    },
    {
      "ForgeName": "FS_L2a",
      "OracleDatabaseName": "FS_L2a",
      "OracleProcedureName": "p_FS_L2a",
      "ValueDouble": 0.0,
      "ValueInt": 0,
      "UseInFormula": true,
      "StorageType": 3,
      "UnitType": 2,
      "ReadFromForge": true
    },
    {
      "ForgeName": "FS_L2b",
      "OracleDatabaseName": "FS_L2b",
      "OracleProcedureName": "p_FS_L2b",
      "ValueDouble": 0.0,
      "ValueInt": 0,
      "UseInFormula": true,
      "StorageType": 3,
      "UnitType": 2,
      "ReadFromForge": true
    },
    {
      "ForgeName": "FS_L2c",
      "OracleDatabaseName": "FS_L2c",
      "OracleProcedureName": "p_FS_L2c",
      "ValueDouble": 0.0,
      "ValueInt": 0,
      "UseInFormula": true,
      "StorageType": 3,
      "UnitType": 2,
      "ReadFromForge": true
    },
    {
      "ForgeName": "FS_L2d",
      "OracleDatabaseName": "FS_L2d",
      "OracleProcedureName": "p_FS_L2d",
      "ValueDouble": 0.0,
      "ValueInt": 0,
      "UseInFormula": true,
      "StorageType": 3,
      "UnitType": 2,
      "ReadFromForge": true
    },
    {
      "ForgeName": "FS_Perimeter",
      "OracleDatabaseName": "FS_Perimeter",
      "OracleProcedureName": "p_FS_Perimeter",
      "ValueDouble": 0.0,
      "ValueInt": 0,
      "UseInFormula": true,
      "StorageType": 3,
      "UnitType": 2,
      "ReadFromForge": true
    },
    {
      "ForgeName": "GR_H1",
      "OracleDatabaseName": "GR_H1",
      "OracleProcedureName": "p_GR_H1",
      "ValueDouble": 0.0,
      "ValueInt": 0,
      "UseInFormula": true,
      "StorageType": 3,
      "UnitType": 2,
      "ReadFromForge": true
    },
    {
      "ForgeName": "GR_L1",
      "OracleDatabaseName": "GR_L1",
      "OracleProcedureName": "p_GR_L1",
      "ValueDouble": 0.0,
      "ValueInt": 0,
      "UseInFormula": true,
      "StorageType": 3,
      "UnitType": 2,
      "ReadFromForge": true
    },
    {
      "ForgeName": "GR_L2",
      "OracleDatabaseName": "GR_L2",
      "OracleProcedureName": "p_GR_L2",
      "ValueDouble": 0.0,
      "ValueInt": 0,
      "UseInFormula": true,
      "StorageType": 3,
      "UnitType": 2,
      "ReadFromForge": true
    },
    {
      "ForgeName": "Horizontal Down Surface",
      "OracleDatabaseName": "Horizontal Down Surface",
      "OracleProcedureName": "p_Horizontal_Down_Surface",
      "ValueDouble": 0.0,
      "ValueInt": 0,
      "UseInFormula": false,
      "StorageType": 1,
      "UnitType": 0,
      "ReadFromForge": true
    },
    {
      "ForgeName": "Horizontal Up Surface",
      "OracleDatabaseName": "Horizontal Up Surface",
      "OracleProcedureName": "p_Horizontal_Up_Surface",
      "ValueDouble": 0.0,
      "ValueInt": 0,
      "UseInFormula": false,
      "StorageType": 1,
      "UnitType": 0,
      "ReadFromForge": true
    },
    {
      "ForgeName": "Length",
      "OracleDatabaseName": "Length",
      "OracleProcedureName": "p_Length",
      "ValueDouble": 0.0,
      "ValueInt": 0,
      "UseInFormula": true,
      "StorageType": 3,
      "UnitType": 2,
      "ReadFromForge": true
    },
    {
      "ForgeName": "Perimeter",
      "OracleDatabaseName": "Perimeter",
      "OracleProcedureName": "p_Perimeter",
      "ValueDouble": 0.0,
      "ValueInt": 0,
      "UseInFormula": true,
      "StorageType": 3,
      "UnitType": 2,
      "ReadFromForge": true
    },
    {
      "ForgeName": "PI_H",
      "OracleDatabaseName": "PI_H",
      "OracleProcedureName": "p_PI_H",
      "ValueDouble": 0.0,
      "ValueInt": 0,
      "UseInFormula": true,
      "StorageType": 3,
      "UnitType": 2,
      "ReadFromForge": true
    },
    {
      "ForgeName": "PI_L1",
      "OracleDatabaseName": "PI_L1",
      "OracleProcedureName": "p_PI_L1",
      "ValueDouble": 0.0,
      "ValueInt": 0,
      "UseInFormula": true,
      "StorageType": 3,
      "UnitType": 2,
      "ReadFromForge": true
    },
    {
      "ForgeName": "PI_L2",
      "OracleDatabaseName": "PI_L2",
      "OracleProcedureName": "p_PI_L2",
      "ValueDouble": 0.0,
      "ValueInt": 0,
      "UseInFormula": true,
      "StorageType": 3,
      "UnitType": 2,
      "ReadFromForge": true
    },
    {
      "ForgeName": "Pipe_TotalNumb",
      "OracleDatabaseName": "Pipe_TotalNumb",
      "OracleProcedureName": "p_Pipe_TotalNumb",
      "ValueDouble": 0.0,
      "ValueInt": 0,
      "UseInFormula": true,
      "StorageType": 2,
      "UnitType": 0,
      "ReadFromForge": true
    },
    {
      "ForgeName": "PK_H1",
      "OracleDatabaseName": "PK_H1",
      "OracleProcedureName": "p_PK_H1",
      "ValueDouble": 0.0,
      "ValueInt": 0,
      "UseInFormula": true,
      "StorageType": 3,
      "UnitType": 2,
      "ReadFromForge": true
    },
    {
      "ForgeName": "PK_L1",
      "OracleDatabaseName": "PK_L1",
      "OracleProcedureName": "p_PK_L1",
      "ValueDouble": 0.0,
      "ValueInt": 0,
      "UseInFormula": true,
      "StorageType": 3,
      "UnitType": 2,
      "ReadFromForge": true
    },
    {
      "ForgeName": "PK_L2",
      "OracleDatabaseName": "PK_L2",
      "OracleProcedureName": "p_PK_L2",
      "ValueDouble": 0.0,
      "ValueInt": 0,
      "UseInFormula": true,
      "StorageType": 3,
      "UnitType": 2,
      "ReadFromForge": true
    },
    {
      "ForgeName": "PL_D1",
      "OracleDatabaseName": "PL_D1",
      "OracleProcedureName": "p_PL_D1",
      "ValueDouble": 0.0,
      "ValueInt": 0,
      "UseInFormula": true,
      "StorageType": 3,
      "UnitType": 2,
      "ReadFromForge": true
    },
    {
      "ForgeName": "PL_H1",
      "OracleDatabaseName": "PL_H1",
      "OracleProcedureName": "p_PL_H1",
      "ValueDouble": 0.0,
      "ValueInt": 0,
      "UseInFormula": true,
      "StorageType": 3,
      "UnitType": 2,
      "ReadFromForge": true
    },
    {
      "ForgeName": "PL_H2_CUT_OFF",
      "OracleDatabaseName": "PL_H2_CUT_OFF",
      "OracleProcedureName": "p_PL_H2_CUT_OFF",
      "ValueDouble": 0.0,
      "ValueInt": 0,
      "UseInFormula": true,
      "StorageType": 3,
      "UnitType": 2,
      "ReadFromForge": true
    },
    {
      "ForgeName": "Plate_B",
      "OracleDatabaseName": "Plate_B",
      "OracleProcedureName": "p_Plate_B",
      "ValueDouble": 0.0,
      "ValueInt": 0,
      "UseInFormula": true,
      "StorageType": 3,
      "UnitType": 2,
      "ReadFromForge": true
    },
    {
      "ForgeName": "Plate_tp",
      "OracleDatabaseName": "Plate_tp",
      "OracleProcedureName": "p_Plate_tp",
      "ValueDouble": 0.0,
      "ValueInt": 0,
      "UseInFormula": true,
      "StorageType": 3,
      "UnitType": 2,
      "ReadFromForge": true
    },
    {
      "ForgeName": "QTY",
      "OracleDatabaseName": "QTY",
      "OracleProcedureName": "p_QTY",
      "ValueDouble": 0.0,
      "ValueInt": 0,
      "UseInFormula": false,
      "StorageType": 3,
      "UnitType": 2,
      "ReadFromForge": false
    },
    {
      "ForgeName": "QTY_REBAR",
      "OracleDatabaseName": "QTY_REBAR",
      "OracleProcedureName": "p_QTY_REBAR",
      "ValueDouble": 0.0,
      "ValueInt": 0,
      "UseInFormula": true,
      "StorageType": 3,
      "UnitType": 5,
      "ReadFromForge": true
    },
    {
      "ForgeName": "Quantity",
      "OracleDatabaseName": "Quantity",
      "OracleProcedureName": "p_Quantity",
      "ValueDouble": 0.0,
      "ValueInt": 0,
      "UseInFormula": true,
      "StorageType": 3,
      "UnitType": 1,
      "ReadFromForge": false
    },
    {
      "ForgeName": "Reinforcement Quantity",
      "OracleDatabaseName": "Reinforcement Quantity",
      "OracleProcedureName": "p_Reinforcement_Quantity",
      "ValueDouble": 0.0,
      "ValueInt": 0,
      "UseInFormula": true,
      "StorageType": 3,
      "UnitType": 1,
      "ReadFromForge": true
    },
    {
      "ForgeName": "ShapeId",
      "OracleDatabaseName": "ShapeId",
      "OracleProcedureName": "p_ShapeId",
      "ValueDouble": 0.0,
      "ValueInt": 0,
      "UseInFormula": false,
      "StorageType": 2,
      "UnitType": 0,
      "ReadFromForge": true
    },
    {
      "ForgeName": "Slope",
      "OracleDatabaseName": "Slope",
      "OracleProcedureName": "p_Slope",
      "ValueDouble": 0.0,
      "ValueInt": 0,
      "UseInFormula": true,
      "StorageType": 3,
      "UnitType": 6,
      "ReadFromForge": true
    },
    {
      "CategoryName": "Item",
      "ForgeName": "Material",
      "OracleDatabaseName": "Structural Material",
      "OracleProcedureName": "p_Structural_Material",
      "ValueDouble": 0.0,
      "ValueInt": 0,
      "UseInFormula": false,
      "StorageType": 1,
      "UnitType": 0,
      "ReadFromForge": true
    },
    {
      "ForgeName": "Thickness",
      "OracleDatabaseName": "Thickness",
      "OracleProcedureName": "p_Thickness",
      "ValueDouble": 0.0,
      "ValueInt": 0,
      "UseInFormula": true,
      "StorageType": 3,
      "UnitType": 2,
      "ReadFromForge": true
    },
    {
      "ForgeName": "Unconnected Height",
      "OracleDatabaseName": "Unconnected Height",
      "OracleProcedureName": "p_Unconnected_Height",
      "ValueDouble": 0.0,
      "ValueInt": 0,
      "UseInFormula": true,
      "StorageType": 3,
      "UnitType": 2,
      "ReadFromForge": true
    },
    {
      "ForgeName": "p_Vertical_Surface",
      "OracleDatabaseName": "p_Vertical_Surface",
      "OracleProcedureName": "p_Vertical_Surface",
      "ValueDouble": 0.0,
      "ValueInt": 0,
      "UseInFormula": false,
      "StorageType": 1,
      "UnitType": 0,
      "ReadFromForge": true
    },
    {
      "ForgeName": "Volume",
      "OracleDatabaseName": "Volume",
      "OracleProcedureName": "p_Volume",
      "ValueDouble": 0.0,
      "ValueInt": 0,
      "UseInFormula": true,
      "StorageType": 3,
      "UnitType": 4,
      "ReadFromForge": true
    },
    {
      "ForgeName": "Weight",
      "OracleDatabaseName": "Weight",
      "OracleProcedureName": "p_Weight",
      "ValueDouble": 0.0,
      "ValueInt": 0,
      "UseInFormula": true,
      "StorageType": 3,
      "UnitType": 5,
      "ReadFromForge": true
    },
    {
      "ForgeName": "Width",
      "OracleDatabaseName": "Width",
      "OracleProcedureName": "p_Width",
      "ValueDouble": 0.0,
      "ValueInt": 0,
      "UseInFormula": true,
      "StorageType": 3,
      "UnitType": 2,
      "ReadFromForge": true
    },
    {
      "ForgeName": "LV00_WBS Unit Code",
      "OracleDatabaseName": "LV00_WBS Unit Code",
      "OracleProcedureName": "",
      "ValueDouble": 0.0,
      "ValueInt": 0,
      "UseInFormula": false,
      "StorageType": 1,
      "UnitType": 0,
      "ReadFromForge": true
    },
    {
      "ForgeName": "LV00_WBS Area Code",
      "OracleDatabaseName": "LV00_WBS Area Code",
      "OracleProcedureName": "",
      "ValueDouble": 0.0,
      "ValueInt": 0,
      "UseInFormula": false,
      "StorageType": 1,
      "UnitType": 0,
      "ReadFromForge": true
    },
    {
      "ForgeName": "CWA",
      "OracleDatabaseName": "CWA",
      "OracleProcedureName": "",
      "ValueDouble": 0.0,
      "ValueInt": 0,
      "UseInFormula": false,
      "StorageType": 1,
      "UnitType": 0,
      "ReadFromForge": true
    },
    {
      "ForgeName": "Sub-Discipline",
      "OracleDatabaseName": "Sub-Discipline",
      "OracleProcedureName": "",
      "ValueDouble": 0.0,
      "ValueInt": 0,
      "UseInFormula": false,
      "StorageType": 1,
      "UnitType": 0,
      "ReadFromForge": true
    },
    {
      "ForgeName": "Size",
      "OracleDatabaseName": "Size",
      "OracleProcedureName": "p_Size",
      "ValueDouble": 0.0,
      "ValueInt": 0,
      "UseInFormula": true,
      "StorageType": 3,
      "UnitType": 2,
      "ReadFromForge": true
    },
    {
      "ForgeName": "PI_IL",
      "OracleDatabaseName": "PI_IL",
      "OracleProcedureName": "p_PI_IL",
      "ValueDouble": 0.0,
      "ValueInt": 0,
      "UseInFormula": true,
      "StorageType": 3,
      "UnitType": 2,
      "ReadFromForge": true
    },
    {
      "ForgeName": "PI_H",
      "OracleDatabaseName": "PI_H",
      "OracleProcedureName": "p_PI_H",
      "ValueDouble": 0.0,
      "ValueInt": 0,
      "UseInFormula": true,
      "StorageType": 3,
      "UnitType": 2,
      "ReadFromForge": true
    },
    {
      "ForgeName": "PI_Vi",
      "OracleDatabaseName": "PI_Vi",
      "OracleProcedureName": "p_PI_Vi",
      "ValueDouble": 0.0,
      "ValueInt": 0,
      "UseInFormula": true,
      "StorageType": 3,
      "UnitType": 4,
      "ReadFromForge": true
    },
    {
      "ForgeName": "PI_Vt",
      "OracleDatabaseName": "PI_Vt",
      "OracleProcedureName": "p_PI_Vt",
      "ValueDouble": 0.0,
      "ValueInt": 0,
      "UseInFormula": true,
      "StorageType": 3,
      "UnitType": 4,
      "ReadFromForge": true
    },
    {
      "ForgeName": "Lot",
      "OracleDatabaseName": "Lot",
      "OracleProcedureName": "",
      "ValueDouble": 0.0,
      "ValueInt": 0,
      "UseInFormula": false,
      "StorageType": 1,
      "UnitType": 0,
      "ReadFromForge": true
    },
    {
      "ForgeName": "LV02_Object Code",
      "OracleDatabaseName": "LV02_Object Code",
      "OracleProcedureName": "",
      "ValueDouble": 0.0,
      "ValueInt": 0,
      "UseInFormula": false,
      "StorageType": 1,
      "UnitType": 0,
      "ReadFromForge": true
    },
    {
      "CategoryName": "Element",
      "ForgeName": "Id",
      "OracleDatabaseName": "",
      "OracleProcedureName": "",
      "ValueDouble": 0.0,
      "ValueInt": 0,
      "UseInFormula": false,
      "StorageType": 1,
      "UnitType": 0,
      "ReadFromForge": true
    },
    {
      "CategoryName": "ENGINEERING DATA",
      "ForgeName": "CMD Checker",
      "OracleDatabaseName": "",
      "OracleProcedureName": "",
      "ValueDouble": 0.0,
      "ValueInt": 0,
      "UseInFormula": false,
      "StorageType": 1,
      "UnitType": 0,
      "ReadFromForge": true
    }
  ]
}